{"cameraMode":{"drawMode":0,"name":"Shaded","section":"Shading Mode"},"sceneLighting":true,"audioPlay":false,"sceneViewState":{"m_AlwaysRefresh":false,"showFog":true,"showSkybox":true,"showFlares":true,"showImageEffects":true,"showParticleSystems":true,"showVisualEffectGraphs":true,"m_FxEnabled":true},"in2DMode":false,"pivot":{"x":18.554458618164064,"y":74.50970458984375,"z":92.15504455566406},"rotation":{"x":-0.0033203610219061376,"y":0.9537055492401123,"z":-0.3006666302680969,"w":-0.010571321472525597},"size":7.21076774597168,"orthographic":true}